,price,bedrooms
183,355000.0,1
1176,390000.0,2
1258,535000.0,2
1751,485000.0,3
2462,695000.0,3
2483,735000.0,3
2803,453000.0,3
2913,627500.0,3
3627,420000.0,2
4233,443500.0,3
4259,480000.0,3
4285,505000.0,3
4294,516000.0,3
4703,420000.0,3
4743,495000.0,3
4783,550000.0,3
5281,535000.0,3
5688,315000.0,2
5830,501000.0,3
6064,779000.0,3
6383,472500.0,3
6395,496000.0,3
6400,512000.0,3
6407,521000.0,3
7674,366500.0,2
7724,449900.0,2
8237,400000.0,2
8807,410000.0,2
8871,515000.0,3
9327,380000.0,2
9470,547500.0,3
10256,930000.0,3
10812,545000.0,3
10870,625000.0,4
11210,370000.0,3
11251,460000.0,3
11292,512500.0,2
11330,556000.0,3
12310,497000.0,3
12324,516000.0,2
12939,517000.0,3
13338,610000.0,3
13364,696000.0,4
13392,860000.0,4
14043,360000.0,2
14109,485000.0,3
14146,540000.0,3
14354,1050000.0,4
14524,372000.0,2
14711,670000.0,2
14736,710000.0,3
15100,475000.0,3
15570,395000.0,2
15580,410500.0,2
15695,580000.0,3
16178,690000.0,3
16289,877000.0,3
16694,405000.0,2
16755,495000.0,3
16854,598000.0,3
17259,397400.0,1
17284,450000.0,2
17294,465000.0,2
17763,415000.0,2
17804,475000.0,3
17850,525000.0,3
18314,448000.0,3
18320,456000.0,2
18470,697500.0,3
18787,375000.0,2
18838,460000.0,3
18856,495000.0,3
18912,555750.0,3
18988,660000.0,4
19344,420000.0,3
19406,580000.0,3
20571,385000.0,2
20631,500000.0,3
20843,847000.0,4
20869,941000.0,4
21068,385000.0,1
21217,618000.0,3
21233,635000.0,3
21621,450000.0,3
22188,466000.0,2
22243,522000.0,3
22383,695000.0,3
22913,790000.0,4
23397,362000.0,2
23405,376000.0,2
23569,600000.0,4
24010,420000.0,3
24025,440000.0,3
24037,456500.0,3
24539,407500.0,2
24556,427500.0,3
24609,510000.0,3
24722,650000.0,3
25208,550000.0,3
25673,345000.0,2
25701,405000.0,3
25714,423000.0,3
25719,430000.0,2
25742,460000.0,3
25987,762000.0,3
26318,380000.0,2
26327,417000.0,3
26484,665000.0,4
27264,400000.0,2
27275,415000.0,2
27336,490000.0,3
27854,345100.0,1
28441,320000.0,1
28482,388800.0,1
28490,400000.0,2
29128,475000.0,3
29773,575000.0,3
30177,400000.0,1
30198,485000.0,2
30210,530000.0,3
30671,368000.0,2
30713,435000.0,3
30865,615000.0,3
30869,618000.0,3
31242,468000.0,3
31390,860000.0,4
32131,460000.0,3
32159,512000.0,2
32335,790000.0,3
32636,338000.0,2
32687,400000.0,2
32719,446650.0,3
33417,670000.0,3
33998,275000.0,2
34684,360000.0,2
34707,410000.0,3
34741,467260.0,3
35276,440000.0,2
35358,570000.0,3
35797,392500.0,3
35830,442000.0,2
36601,650000.0,2
37007,423000.0,2
37774,383000.0,2
37781,390000.0,2
37884,537500.0,3
38421,430000.0,2
38455,480000.0,3
38461,485000.0,3
38964,416000.0,2
39586,460000.0,3
39591,465000.0,3
39599,475000.0,2
39816,770000.0,4
40146,410000.0,2
40171,455000.0,3
40528,1020000.0,3
40761,452500.0,3
40871,646000.0,3
40886,665000.0,3
41493,372000.0,3
41656,560000.0,3
41813,748000.0,3
42124,350000.0,2
42181,447000.0,3
42209,488000.0,3
42818,510000.0,2
43943,361000.0,2
43960,385000.0,2
44052,475000.0,3
44093,513000.0,3
44120,540000.0,3
44476,1155000.0,4
44679,435000.0,3
44885,722000.0,4
44936,806000.0,3
45516,395000.0,3
45689,600000.0,3
45797,740000.0,3
46168,487500.0,3
46655,340000.0,2
46688,395000.0,3
47343,423000.0,3
47375,470000.0,3
47907,430000.0,3
47923,447500.0,3
47975,500000.0,3
49264,410000.0,2
49305,460000.0,3
49870,370000.0,3
50093,710000.0,3
50451,403000.0,2
50522,493500.0,3
50565,547000.0,2
51191,722500.0,3
51573,405000.0,2
51610,435000.0,2
51631,455000.0,3
51715,550000.0,3
52208,405000.0,3
52939,393000.0,3
52952,410000.0,3
53376,1495000.0,3
53539,373000.0,2
53706,590500.0,2
54067,280000.0,2
54177,462500.0,3
54245,543000.0,4
54334,640000.0,4
54437,835000.0,4
54733,385000.0,2
54741,397500.0,2
55464,470000.0,3
55645,635000.0,4
55770,766000.0,3
56098,385000.0,2
56141,557000.0,3
56150,590000.0,3
58000,435000.0,2
58135,415500.0,3
58486,385000.0,2
58530,476000.0,3
58815,340000.0,2
59027,855000.0,3
59600,439900.0,2
60170,370000.0,2
60636,375000.0,3
61079,470000.0,3
61130,565000.0,3
61456,420000.0,3
61466,437500.0,2
61501,502000.0,3
61661,1060000.0,3
61848,380000.0,3
61947,525000.0,3
62075,720000.0,3
62562,410000.0,3
62659,547000.0,3
62679,575000.0,3
63058,520000.0,3
63159,712000.0,4
63417,460000.0,3
63497,590000.0,3
63956,650000.0,4
64337,510000.0,3
64461,691000.0,4
65085,440000.0,2
65160,530000.0,3
65552,411000.0,3
65653,550000.0,3
65993,382500.0,3
66033,440000.0,2
66084,529000.0,3
66118,587000.0,3
66232,755000.0,3
66280,908000.0,3
66641,550000.0,4
66986,430000.0,2
67001,481000.0,3
67112,990000.0,4
67286,325000.0,1
67380,480000.0,3
68289,460000.0,3
68314,505000.0,3
68338,537500.0,3
68389,610000.0,4
68670,345000.0,2
69127,300000.0,2
69254,475000.0,2
69262,485000.0,2
69324,585000.0,3
69705,522500.0,3
70130,386000.0,2
70183,479000.0,3
70689,507000.0,3
70925,1090000.0,3
71130,442500.0,3
71137,450000.0,2
71346,786000.0,3
71597,405000.0,2
71664,515000.0,3
72203,460000.0,3
72343,595000.0,3
73338,355000.0,1
73364,402000.0,2
73914,405000.0,2
73955,458000.0,3
73991,505000.0,3
74017,540000.0,4
74424,345000.0,2
74438,383500.0,2
74455,410000.0,2
74472,435000.0,3
74492,480000.0,3
75055,490000.0,3
75059,496000.0,3
75127,587000.0,3
75243,795000.0,3
75689,570000.0,3
76198,495000.0,3
76238,561000.0,3
76332,708000.0,3
77012,410000.0,3
77607,371000.0,2
77648,420000.0,3
77669,450000.0,2
77794,643000.0,3
78220,495000.0,3
78694,330000.0,2
78696,332000.0,2
78768,430000.0,2
78926,600000.0,3
79441,423000.0,3
79537,522500.0,3
79637,655000.0,3
79706,748000.0,4
80012,410000.0,2
80035,467000.0,3
80352,1020000.0,4
80878,500000.0,3
80894,515000.0,3
80910,527500.0,3
81897,360000.0,2
82480,432500.0,3
82652,690000.0,3
83053,430000.0,2
83076,455000.0,3
83142,525000.0,3
83415,888000.0,4
84652,560000.0,3
84773,745000.0,4
85151,540000.0,3
85302,750000.0,3
85567,350000.0,2
85630,455000.0,2
85726,555000.0,3
86221,428500.0,3
86228,436000.0,3
86438,635000.0,2
87259,1820000.0,3
88179,441000.0,2
88232,510000.0,3
88335,630000.0,3
88672,372000.0,3
88683,410000.0,3
88738,489000.0,3
88748,503000.0,2
88898,705000.0,2
89217,407500.0,3
89262,485000.0,3
89481,785000.0,3
89892,485000.0,3
89902,505000.0,3
89908,515000.0,3
89928,542000.0,3
90275,1375000.0,3
90395,427000.0,3
90401,449000.0,3
91155,495000.0,3
91350,800000.0,4
91646,416000.0,3
92180,436000.0,2
92245,512000.0,3
92448,839000.0,3
93415,380000.0,1
93501,475000.0,3
93589,550000.0,2
93844,890000.0,4
94095,440000.0,2
94101,450000.0,3
94219,635000.0,3
94950,420000.0,3
95134,640000.0,3
95581,504000.0,3
95624,550000.0,3
96058,404000.0,3
96114,467000.0,3
96131,500000.0,3
96540,345000.0,2
96550,370000.0,2
96619,478000.0,2
97101,370000.0,1
97130,405000.0,2
97134,415000.0,2
97592,1400000.0,3
97714,425000.0,3
97796,587000.0,3
98576,435000.0,3
98792,690000.0,3
99141,387500.0,3
99214,485000.0,3
99288,593000.0,3
99416,825000.0,3
100282,430000.0,2
100393,590000.0,3
100835,376000.0,2
100864,420000.0,3
101078,620000.0,3
101192,761000.0,3
101541,420000.0,3
101548,432000.0,2
102357,355000.0,2
103063,390000.0,3
103691,450000.0,3
103990,852500.0,3
104432,575000.0,4
104979,399000.0,2
105162,870000.0,2
106462,325000.0,2
106496,377000.0,2
106643,550000.0,3
106985,387500.0,3
107557,450000.0,3
107571,470000.0,3
108199,435000.0,2
108789,412000.0,2
108791,415000.0,3
108879,535000.0,3
108933,600000.0,3
109027,756000.0,3
109389,515000.0,3
109839,427750.0,3
109868,450000.0,3
109892,477000.0,3
110139,840000.0,3
111033,455000.0,3
111096,565000.0,3
112066,435000.0,2
112100,495000.0,3
112110,508000.0,3
112542,326000.0,1
112543,327258.0,1
112581,400000.0,2
112592,410000.0,3
112599,420000.0,3
113272,575000.0,3
114226,390000.0,3
114272,470000.0,3
114307,520000.0,3
114366,590000.0,3
114381,605000.0,4
114794,440000.0,3
114847,520000.0,3
114974,670000.0,3
115273,375000.0,2
115301,400000.0,2
115329,432000.0,2
115347,462000.0,2
115383,505000.0,2
115824,383000.0,3
116342,368000.0,3
116353,389000.0,2
116375,420000.0,3
116436,480000.0,3
116479,520000.0,3
116524,567500.0,3
116568,615000.0,3
117498,398000.0,3
117501,400000.0,2
117518,420000.0,3
117606,545000.0,3
118026,367500.0,2
118205,595000.0,3
118585,427000.0,2
118857,840000.0,3
119128,432000.0,3
119140,455000.0,2
119201,550000.0,3
119743,465000.0,3
120434,640000.0,3
120540,765000.0,4
121762,430000.0,3
121774,455000.0,3
121775,455000.0,3
121837,530000.0,3
121838,530000.0,2
121884,585000.0,3
121887,587500.0,4
122313,385000.0,2
122319,395000.0,3
122409,510000.0,3
122936,468000.0,3
123139,790000.0,3
123479,400000.0,3
123481,400000.0,2
123507,435000.0,3
124140,442000.0,2
124849,397000.0,3
125390,405000.0,3
125412,435000.0,2
125502,539000.0,3
125512,550000.0,3
125627,750000.0,4
126013,520000.0,3
126496,410000.0,2
127109,410000.0,2
127122,423000.0,3
127201,521000.0,3
127520,1070000.0,3
128376,370000.0,2
128477,530000.0,4
128573,645000.0,3
128645,790000.0,4
129479,390000.0,2
129545,500000.0,3
130087,430000.0,3
130364,805000.0,3
130704,575000.0,3
132270,640000.0,3
133844,437500.0,2
134571,700000.0,3
135246,525000.0,3
135447,785000.0,3
136939,445000.0,2
137127,714000.0,3
137249,1130000.0,3
137828,751000.0,3
138847,328000.0,2
138885,385000.0,3
138893,395000.0,3
138915,425000.0,3
138960,465000.0,3
138998,490000.0,3
139044,529000.0,3
139049,535000.0,3
139205,695000.0,4
139225,718000.0,4
139547,385000.0,3
139550,392000.0,3
139563,410000.0,2
139617,485000.0,2
139694,577500.0,3
139773,670000.0,4
140035,382500.0,2
140044,400000.0,2
140060,427000.0,2
140076,449000.0,3
140126,515000.0,3
140156,565000.0,3
140525,370000.0,2
140555,415000.0,2
140757,715000.0,3
141073,375000.0,3
141091,388000.0,2
141239,575000.0,3
141307,635000.0,3
141309,635000.0,3
141705,520000.0,3
141890,910000.0,4
142847,427500.0,3
143069,750000.0,3
143123,945000.0,4
143468,565000.0,4
143633,825000.0,3
144384,410000.0,2
144581,612000.0,4
144753,830000.0,3
144772,880000.0,4
145606,437000.0,3
145724,580000.0,2
146160,418500.0,2
146836,605000.0,3
146871,650000.0,3
147208,413000.0,2
147241,455000.0,3
147256,469000.0,3
147557,1200000.0,3
147786,417000.0,2
147814,450000.0,3
147815,450000.0,3
147845,486500.0,2
149158,650000.0,3
149616,495000.0,3
149835,825000.0,3
150233,607000.0,3
150676,465000.0,3
150744,550000.0,4
150961,940000.0,3
151217,475000.0,3
152356,340000.0,2
152380,377000.0,2
152381,377500.0,3
152387,380000.0,3
152393,395000.0,3
152772,939000.0,3
153542,330000.0,1
153707,540000.0,3
153795,622000.0,3
153857,685000.0,4
154263,410000.0,2
154286,447500.0,2
154304,470000.0,3
154310,475000.0,3
154326,490000.0,3
154445,635000.0,3
154822,411000.0,2
154902,500000.0,3
156143,551000.0,3
156610,447000.0,3
158174,310000.0,2
158217,380000.0,2
158347,527000.0,3
158475,682500.0,4
158811,370000.0,3
159442,296000.0,2
159519,420000.0,2
159555,462000.0,3
159644,551000.0,3
159813,790000.0,4
160192,560000.0,4
160591,400000.0,2
160594,408000.0,3
160605,430000.0,3
161710,350000.0,1
161817,489000.0,3
162557,910000.0,3
163147,495000.0,3
163727,510000.0,3
163742,537000.0,3
164226,425000.0,2
164272,490000.0,3
164299,525000.0,3
164305,537000.0,3
164540,987500.0,3
164747,326000.0,2
164800,412000.0,3
164833,469521.0,2
164894,551500.0,3
165388,450000.0,2
165397,467500.0,2
165422,500000.0,2
165586,680000.0,2
166777,480000.0,3
167024,775000.0,3
167273,340000.0,2
168399,310000.0,2
168468,425000.0,2
168771,1050000.0,3
169133,491750.0,3
169259,625000.0,3
169308,670000.0,3
169455,916000.0,3
170617,385000.0,2
170630,410000.0,3
170639,420000.0,3
170646,431000.0,2
171229,385000.0,2
171283,465000.0,2
171821,425000.0,3
171843,451000.0,3
171848,455500.0,3
171951,620000.0,3
172026,750000.0,3
172056,810000.0,4
172410,510000.0,3
172968,514000.0,3
172969,514000.0,3
173023,572500.0,3
173313,1200000.0,4
173544,578500.0,3
173670,780000.0,3
174111,450000.0,3
174635,795000.0,3
174899,380000.0,2
174979,499900.0,3
175017,549900.0,3
175023,558000.0,2
175147,749500.0,2
175453,375000.0,2
175559,515000.0,3
175592,550000.0,3
175612,575000.0,3
176315,800500.0,3
176656,430000.0,2
176730,504000.0,3
176756,537500.0,3
176763,542500.0,3
176787,565000.0,3
176863,660000.0,4
177425,805000.0,3
177434,815000.0,3
178105,387700.0,2
178154,450000.0,3
178780,480000.0,2
178829,540000.0,2
178903,642000.0,3
179361,470000.0,3
179966,455000.0,3
180001,499000.0,2
180013,510000.0,4
180530,337000.0,3
180563,375000.0,3
180601,415000.0,2
180891,721000.0,3
182269,410000.0,3
182284,420000.0,2
182617,990000.0,4
182875,420500.0,2
182987,560000.0,3
183031,623000.0,4
184141,510000.0,3
184203,580000.0,3
184306,700000.0,4
184756,440000.0,2
184806,530000.0,3
184823,560000.0,3
185237,510000.0,3
185271,615000.0,3
185900,470800.0,3
185913,498000.0,3
185985,575000.0,4
186025,601000.0,3
186038,615000.0,4
186620,501000.0,3
187188,425000.0,3
187201,446000.0,2
187211,460000.0,2
187812,525000.0,3
187842,569000.0,3
187893,635000.0,3
187981,830000.0,4
187992,860000.0,4
188314,420000.0,3
188431,535000.0,2
188441,550000.0,3
188445,551000.0,3
188701,888000.0,3
188724,1010000.0,4
188747,1080000.0,3
190120,495000.0,3
190172,565000.0,3
190593,275000.0,1
190594,275000.0,1
191188,350000.0,2
191238,420500.0,2
191241,425000.0,1
191273,460000.0,3
191344,547000.0,3
191355,571000.0,3
191863,360000.0,2
191890,395000.0,3
191937,480000.0,3
191957,500000.0,3
192105,685000.0,3
192454,415000.0,3
192455,415000.0,2
192483,485000.0,3
192504,517000.0,3
192586,630000.0,2
193513,490000.0,3
193605,575000.0,4
193719,715000.0,3
194276,585000.0,3
194319,625000.0,3
194535,935000.0,3
194780,340000.0,2
194853,440000.0,3
194856,444000.0,2
194906,510000.0,3
195465,410000.0,2
195514,480000.0,3
195567,550000.0,3
195609,615000.0,3
195735,812000.0,3
196183,430500.0,2
196270,518000.0,3
196272,520000.0,3
197732,300000.0,3
197911,526000.0,3
197929,544000.0,3
198238,1050000.0,3
198571,476000.0,3
199136,395000.0,2
199175,466000.0,3
199248,540000.0,2
199283,582000.0,2
199787,370000.0,2
199813,410000.0,3
199922,575000.0,4
200768,712000.0,3
200951,1150000.0,4
200975,1326000.0,4
200976,1326000.0,4
201138,420000.0,2
201186,505000.0,2
202505,465000.0,3
202574,553000.0,3
202588,568000.0,4
202594,572500.0,3
203483,860000.0,3
203817,399000.0,3
203899,501000.0,3
204568,431000.0,3
204662,528000.0,3
204721,584000.0,3
205360,390000.0,3
205408,435000.0,3
205424,455000.0,3
205442,480000.0,3
206160,719000.0,3
206240,889000.0,3
206319,1110000.0,3
206857,512000.0,4
207142,1050000.0,3
207481,608000.0,4
207855,415000.0,3
207856,415000.0,2
207938,530000.0,3
207974,570000.0,3
208069,672500.0,2
208090,696700.0,3
208570,452000.0,3
208582,474000.0,3
208619,530000.0,3
208653,565000.0,3
208679,595000.0,2
208706,620000.0,2
208763,702000.0,3
208862,910000.0,3
209230,395000.0,2
209245,410000.0,2
209257,430000.0,3
209303,471000.0,3
209368,545000.0,3
209562,740000.0,3
210001,526000.0,3
210316,885000.0,3
211044,355000.0,2
211131,455100.0,3
211301,628000.0,3
211455,815000.0,3
211964,620000.0,3
212115,812711.0,4
212534,432000.0,3
212541,440000.0,3
212663,538000.0,3
212667,542500.0,3
212802,678000.0,3
213427,522500.0,2
213464,550000.0,3
214084,435000.0,2
214157,505000.0,3
214169,515000.0,3
214408,720000.0,3
214419,739000.0,4
215007,660500.0,2
215082,740000.0,3
215196,875000.0,3
216041,435000.0,2
216096,502000.0,3
216762,375000.0,2
216782,405000.0,2
216845,484000.0,3
216919,565000.0,3
217036,695000.0,4
217408,315000.0,2
217481,422000.0,2
217486,430000.0,3
217494,440000.0,2
217818,834420.0,3
218170,389000.0,2
218269,525000.0,3
218335,595000.0,3
218415,697000.0,3
218893,377500.0,2
218914,395000.0,2
218948,440000.0,3
219280,810000.0,4
219763,610000.0,3
220847,485000.0,3
220960,600000.0,3
221795,790000.0,4
222089,310000.0,1
222139,405000.0,2
222810,402500.0,2
222814,406000.0,3
222836,440000.0,2
222877,495000.0,3
223014,655000.0,3
223169,870000.0,4
223606,420000.0,3
223625,437500.0,2
223659,482500.0,2
223796,607000.0,4
223998,840000.0,3
224417,530000.0,2
224492,610000.0,3
224847,905000.0,3
225901,485000.0,3
225927,505000.0,2
225938,520000.0,2
226150,710800.0,4
226594,365000.0,3
226609,386000.0,2
226878,710000.0,4
227325,440000.0,2
227330,442500.0,2
227425,570000.0,3
227450,600000.0,3
227624,810000.0,4
228029,426000.0,2
228140,564000.0,3
228182,601000.0,3
228755,415000.0,2
228789,462000.0,2
228808,482500.0,3
228949,617000.0,3
229217,960000.0,3
230947,575000.0,3
231520,340500.0,1
231594,455000.0,3
231606,470000.0,3
231635,495000.0,3
231643,505000.0,3
231655,520000.0,2
231790,690000.0,3
231842,756000.0,3
232216,370000.0,3
232354,545000.0,3
232363,550000.0,3
232433,635000.0,4
232608,1000000.0,4
232978,480000.0,3
232984,490000.0,2
233068,585000.0,3
233098,622000.0,4
233286,950000.0,3
233626,432000.0,2
233628,433500.0,3
233643,447500.0,3
233672,470000.0,3
233734,530000.0,3
233840,640000.0,4
234322,440000.0,2
234325,445000.0,2
234341,477000.0,2
234381,535000.0,2
234402,545000.0,3
234596,715000.0,4
234653,762000.0,3
235601,440000.0,2
235759,617500.0,4
236256,380000.0,2
236315,440000.0,2
236491,652000.0,3
236590,795000.0,3
236986,475000.0,3
237016,510000.0,3
237077,565000.0,4
237080,575000.0,3
237286,810000.0,3
237374,1025000.0,3
237449,1560000.0,3
237626,355000.0,2
237679,430000.0,3
237687,440000.0,3
237763,520000.0,3
237779,535000.0,3
237886,650000.0,3
238448,440000.0,3
238465,452000.0,3
238482,468000.0,3
238497,475000.0,2
238525,495000.0,3
238556,512500.0,3
238564,517500.0,3
238598,545000.0,3
238604,550000.0,2
238898,830000.0,3
239232,470000.0,3
239233,470000.0,3
239765,426000.0,3
239853,557500.0,3
241351,430000.0,3
241554,430000.0,3
241994,418000.0,2
242794,485000.0,3
243581,472000.0,3
244240,490000.0,3
244249,505000.0,3
244293,560000.0,3
244637,445000.0,2
245201,620000.0,2
245215,645000.0,4
245272,750000.0,4
245551,460000.0,3
245620,570000.0,3
245986,400000.0,3
246039,485000.0,3
246137,625000.0,3
246725,403000.0,2
246747,440000.0,2
246784,488000.0,2
246829,545000.0,3
247242,470000.0,3
248199,535000.0,3
248627,405000.0,3
248651,450000.0,3
248656,455000.0,2
248766,585000.0,3
248811,656000.0,3
248890,782000.0,4
249480,385000.0,3
249523,465000.0,1
249976,375500.0,2
250466,360000.0,2
250485,390000.0,3
250510,423000.0,3
250518,434750.0,3
250750,800000.0,4
250758,820000.0,2
250787,972500.0,3
251038,390000.0,2
251091,439000.0,3
251092,439500.0,2
251170,540000.0,3
251639,465000.0,3
251641,472000.0,2
252111,364000.0,2
252121,376000.0,3
252159,445000.0,3
252678,417000.0,1
252722,485000.0,3
252734,506000.0,2
253256,475000.0,3
253404,700000.0,4
253420,730000.0,3
253695,379950.0,3
253764,492000.0,3
253852,620000.0,2
254334,495000.0,3
254341,505000.0,3
254891,595000.0,3
255017,780000.0,3
255036,806000.0,3
255645,535000.0,3
256096,390000.0,2
256120,422000.0,3
256235,582000.0,3
256241,585000.0,4
256663,384500.0,3
256851,630000.0,3
256901,695000.0,4
257251,330000.0,1
257802,325000.0,1
257968,543000.0,3
258233,985000.0,4
258645,718000.0,2
260050,400000.0,2
260055,403000.0,3
260061,415000.0,3
260194,600000.0,2
260227,633000.0,4
260728,440000.0,2
260844,605000.0,3
261446,515000.0,3
262102,436000.0,2
262135,476000.0,3
262191,537000.0,2
262200,550000.0,3
262218,568000.0,4
262261,621000.0,4
262749,468000.0,2
262772,505000.0,3
262862,627000.0,3
263730,437500.0,3
264005,405000.0,3
264692,447000.0,3
265061,1120000.0,4
265364,452000.0,3
265409,520000.0,3
265441,548500.0,3
265983,422500.0,2
266021,480000.0,4
266036,500000.0,3
266040,500000.0,3
266060,530000.0,3
266703,441000.0,2
266822,550000.0,3
266878,625000.0,3
266940,670000.0,3
267643,665000.0,3
267684,700000.0,3
267731,740000.0,3
267800,794000.0,2
268099,1185000.0,4
268926,521000.0,3
268940,555000.0,3
269041,680000.0,4
269157,860000.0,3
269564,500000.0,4
269588,526250.0,3
269909,1375000.0,4
270116,355000.0,2
270778,395000.0,3
270779,395000.0,2
270780,395000.0,2
270805,430000.0,2
271013,705000.0,2
271541,497500.0,3
271559,520000.0,3
272086,351500.0,1
272189,593000.0,3
273326,434000.0,3
273351,460000.0,3
273376,495000.0,3
273393,520000.0,3
273629,930000.0,2
274001,500000.0,2
274116,640000.0,3
274579,440000.0,3
274627,520000.0,3
274687,600000.0,3
275356,600000.0,2
276181,905000.0,2
276862,388930.0,2
276930,470000.0,3
276999,538000.0,3
277559,415000.0,3
277837,830000.0,3
277888,990000.0,4
277902,1110000.0,4
278141,387500.0,2
278203,460000.0,2
278265,540000.0,3
278808,385000.0,2
278853,450000.0,2
278854,450000.0,3
278859,452000.0,2
278893,522000.0,4
278919,560000.0,3
278996,652000.0,3
279229,1375000.0,4
279512,420000.0,1
279558,476000.0,2
279564,485000.0,2
279670,595000.0,3
279699,625000.0,4
279948,1085000.0,4
280519,902000.0,3
281194,560000.0,3
281197,565000.0,3
281215,588000.0,3
281770,460000.0,1
281817,530000.0,3
282287,345000.0,1
282407,535000.0,2
282481,630000.0,3
282491,646500.0,4
282686,980000.0,3
283099,565000.0,3
283584,367500.0,2
283628,443050.0,2
283647,463000.0,3
283705,532000.0,3
283779,615000.0,4
283798,640000.0,4
283829,669000.0,3
284633,325000.0,2
285208,381000.0,2
285276,482500.0,2
285319,560000.0,3
285410,730000.0,4
285762,429000.0,3
286060,1130000.0,3
286365,580500.0,3
286470,825000.0,4
286492,890000.0,3
286589,2020000.0,4
286746,360000.0,2
286785,428000.0,2
286791,439950.0,2
286797,445000.0,2
286872,550000.0,3
287257,452000.0,3
287642,410000.0,2
287668,465000.0,3
287706,535000.0,3
288110,393000.0,2
288111,395000.0,2
288175,521150.0,2
288214,600000.0,3
288570,455000.0,3
288619,540000.0,3
288625,555000.0,3
288814,957500.0,3
289057,378000.0,2
289089,436000.0,3
289150,537000.0,3
289350,890000.0,2
290024,412000.0,2
290066,480000.0,3
290136,575000.0,4
291432,445000.0,3
291482,525000.0,4
291509,584000.0,3
291880,530000.0,4
292269,447000.0,2
292321,540000.0,3
292671,447500.0,3
293120,508000.0,3
293131,545000.0,3
293566,535000.0,3
294135,605000.0,2
294207,722500.0,3
294301,965000.0,3
295143,412000.0,3
295254,630000.0,3
295255,630000.0,3
295659,510000.0,3
295756,697000.0,3
296190,495000.0,4
296205,515000.0,2
296740,457500.0,2
296762,485000.0,3
296780,515000.0,3
296796,530100.0,3
297557,465000.0,3
297732,839900.0,3
297992,430000.0,2
297994,440000.0,2
298067,565000.0,3
298140,665000.0,3
298467,385000.0,2
298911,420000.0,3
299396,435000.0,2
299428,516000.0,3
299447,545000.0,2
299468,570000.0,3
300481,1320000.0,3
300670,420000.0,2
300674,430000.0,2
300718,525000.0,3
300720,527500.0,3
300811,662000.0,4
301338,695000.0,3
301671,355000.0,1
301754,539000.0,3
301766,570000.0,4
302255,505000.0,3
302384,675000.0,3
302669,440000.0,3
302698,626000.0,4
302703,665000.0,4
302712,715000.0,3
303075,425000.0,2
303541,415000.0,3
303545,420000.0,2
303553,445000.0,3
303626,568500.0,3
304016,460000.0,2
304029,490000.0,2
304549,515000.0,3
304565,550000.0,3
304575,565000.0,2
305023,450000.0,3
305029,460000.0,2
305125,635000.0,2
306370,445000.0,3
306519,760000.0,3
307345,510000.0,3
307878,427000.0,3
308180,1077000.0,4
308421,640000.0,3
309191,1050000.0,3
309469,415000.0,3
309515,510000.0,3
310035,500000.0,3
310045,530000.0,2
310094,615000.0,3
310463,370000.0,3
310506,465000.0,2
311082,459000.0,2
311105,485750.0,3
311300,790000.0,3
311659,950000.0,3
312220,433000.0,2
312255,501000.0,3
312397,705000.0,3
312426,765000.0,3
312441,800000.0,3
312495,1035000.0,4
312517,1185000.0,3
312873,560000.0,3
312925,635000.0,4
312938,650000.0,3
313014,825000.0,3
313518,832500.0,3
313856,360000.0,2
313937,493000.0,2
313974,535000.0,3
314034,640000.0,3
314418,400000.0,3
314429,460000.0,3
314573,805650.0,3
315200,555000.0,3
315392,855000.0,4
315784,545000.0,2
315875,665000.0,3
316274,380000.0,2
316307,430000.0,2
316394,585000.0,3
316930,610000.0,3
317010,762000.0,3
317425,445000.0,3
317522,592000.0,2
317628,750000.0,3
317965,433000.0,2
318769,616750.0,4
318812,670000.0,4
318881,785000.0,4
319281,505000.0,2
319925,590000.0,4
320118,1050000.0,3
320430,527000.0,3
320453,570000.0,3
320518,670000.0,4
320571,789500.0,3
320642,1190000.0,3
320923,385000.0,2
321127,635000.0,3
323062,535000.0,2
323760,550000.0,4
323856,670000.0,4
323939,800000.0,3
324266,405500.0,2
324330,507000.0,3
324417,650000.0,4
324599,1375000.0,4
324855,445000.0,3
324871,475000.0,3
325091,695000.0,4
325512,590000.0,3
325601,760500.0,3
326719,501000.0,3
327284,460000.0,3
327297,475000.0,3
327309,497000.0,3
327828,380000.0,2
327837,400000.0,2
327995,630000.0,2
328391,322000.0,2
328526,520000.0,2
328541,535000.0,2
328571,575000.0,2
329070,500000.0,3
330154,385000.0,2
330244,511000.0,3
330824,433500.0,2
330994,665000.0,3
331013,695000.0,3
331064,758000.0,4
331394,381000.0,2
331979,385000.0,2
332002,420000.0,2
332012,436000.0,2
332099,535500.0,3
332127,562500.0,3
332661,468200.0,3
332706,603000.0,3
332743,688000.0,3
332772,772500.0,3
333208,415000.0,3
333227,431000.0,2
333228,435000.0,3
333244,452500.0,3
333293,516100.0,3
333386,630000.0,3
333406,651000.0,3
333843,450000.0,3
333926,590000.0,2
334420,530000.0,3
334913,372797.0,2
335097,660000.0,4
335199,860000.0,3
335229,945000.0,4
335599,445000.0,3
335603,450000.0,2
335609,452500.0,3
335664,535000.0,4
336350,970000.0,3
336800,430000.0,2
336805,435000.0,2
336832,465000.0,2
336962,635000.0,3
337029,735000.0,3
337491,536000.0,3
337555,630000.0,4
337590,675000.0,2
337599,695000.0,4
338031,460000.0,3
338036,465000.0,3
338144,600000.0,3
338676,550000.0,4
338787,699900.0,3
339236,385000.0,2
339265,435000.0,3
339310,488000.0,3
339430,610000.0,4
339550,744500.0,3
339964,578000.0,2
340028,725000.0,3
340029,725000.0,3
340156,1130000.0,3
341264,544500.0,3
341859,505000.0,3
341891,536000.0,3
342437,492000.0,3
342975,400000.0,2
344160,499900.0,2
344698,420000.0,2
344705,440000.0,3
345858,486990.0,2
345871,507500.0,3
345877,515000.0,4
346006,750000.0,2
346525,587765.0,2
346649,735000.0,4
347635,650500.0,4
348065,485000.0,3
348097,535000.0,3
348485,365000.0,2
348554,481000.0,2
348582,518000.0,3
348594,535000.0,3
348606,557000.0,3
349031,420000.0,2
349059,469000.0,3
349064,480000.0,3
349068,481000.0,3
349073,499000.0,3
349106,565000.0,3
349108,565000.0,3
349212,770000.0,3
349219,802500.0,4
349626,470000.0,3
349724,595000.0,3
350111,304000.0,1
350115,380000.0,3
350137,500000.0,3
350666,472000.0,3
350929,1090000.0,4
351162,375000.0,2
351284,605000.0,0
351332,670000.0,4
351366,720000.0,4
352217,383000.0,2
352251,450000.0,2
352315,572000.0,3
352762,400000.0,2
352889,575000.0,3
352921,620000.0,2
353312,542000.0,2
353313,545000.0,3
354153,940000.0,3
354417,430000.0,2
354447,490000.0,3
354656,950000.0,3
354688,1150000.0,3
354968,500000.0,3
355022,607500.0,3
355386,400000.0,2
355396,415000.0,3
355418,465000.0,2
355464,560000.0,3
355470,575000.0,3
356022,523500.0,3
356035,545000.0,3
356063,580000.0,3
356119,655000.0,4
356445,446000.0,2
356450,465000.0,3
356460,517000.0,3
356518,780000.0,2
357550,625000.0,3
357627,768000.0,4
357646,815000.0,3
357671,875000.0,4
358016,550000.0,3
358027,560000.0,3
358403,327000.0,2
358493,510000.0,3
358515,545000.0,3
358640,787000.0,3
359168,725000.0,4
359290,1000000.0,3
359503,630000.0,2
359514,656000.0,4
359602,950000.0,4
359634,1140000.0,3
360230,925000.0,4
360526,486000.0,2
361016,445000.0,2
361048,530000.0,3
361060,550000.0,2
361063,555000.0,3
361079,582500.0,3
361211,825000.0,3
361233,900000.0,3
361508,420000.0,2
361519,440000.0,3
361677,755000.0,3
361741,967500.0,3
362098,495000.0,2
362162,595000.0,4
362415,1255000.0,3
362595,550000.0,2
362613,623000.0,3
363163,510000.0,3
363171,515500.0,3
363281,702000.0,3
363645,470000.0,2
364181,528000.0,3
364278,700000.0,3
364675,505000.0,3
364681,510000.0,3
364721,570500.0,3
365288,523000.0,3
365293,530000.0,3
365298,540000.0,3
365357,605000.0,3
365372,629000.0,3
365494,838000.0,5
365532,930000.0,4
366330,475000.0,3
366608,1960000.0,3
366851,510000.0,3
366927,610000.0,3
366954,650000.0,3
367642,795000.0,3
368043,407000.0,2
368113,530000.0,3
368143,585000.0,3
368663,452000.0,3
368759,607500.0,3
368838,705000.0,3
370072,498000.0,3
370648,435000.0,2
370662,455000.0,3
371277,465000.0,2
371282,478000.0,2
371303,512000.0,3
371325,542500.0,3
371326,545000.0,3
371508,844000.0,4
371538,940000.0,4
371950,465000.0,3
371979,508000.0,3
372102,665000.0,3
372309,1050000.0,4
372594,593000.0,3
372634,686000.0,4
372664,756000.0,3
372687,815000.0,3
372698,845000.0,3
373275,417000.0,2
373351,510000.0,2
373665,930000.0,3
373717,1200000.0,3
374157,615000.0,4
374215,702000.0,3
374382,1420000.0,4
374387,1480000.0,4
375044,1540000.0,3
375354,435000.0,2
375361,446000.0,3
375380,480000.0,3
375490,635000.0,3
375723,1320000.0,3
375727,1369000.0,3
376152,486000.0,3
376212,555000.0,4
376253,600000.0,3
376290,630000.0,3
376359,707500.0,3
376781,491500.0,3
376835,675000.0,3
376841,695000.0,4
377578,520000.0,3
377615,547000.0,3
377959,1180000.0,3
378311,460000.0,2
378373,550000.0,3
379068,500000.0,3
379077,505000.0,3
379092,515002.0,3
379151,576000.0,3
379250,675000.0,3
379322,780000.0,4
379826,475000.0,3
379834,487000.0,3
380697,497500.0,3
381321,410000.0,2
381353,510000.0,2
381389,611000.0,3
382106,399000.0,2
383016,515000.0,3
383053,570000.0,3
383721,416000.0,2
383891,610000.0,3
384171,1130000.0,3
384617,510000.0,3
384622,515000.0,3
384668,565000.0,3
385580,572500.0,3
385710,680000.0,3
387355,450000.0,3
387418,521500.0,3
387617,680000.0,3
388730,425000.0,2
388758,460000.0,2
388778,482000.0,3
388819,525000.0,3
388830,540000.0,3
388868,580000.0,3
388967,665000.0,3
389547,430000.0,2
389592,480000.0,2
390499,545000.0,3
390613,642000.0,3
390685,699950.0,3
390803,806500.0,3
391273,493000.0,3
392240,480000.0,2
392278,508500.0,3
392416,635000.0,3
393059,500000.0,2
393096,550000.0,3
393097,550000.0,2
393146,595000.0,4
393182,630000.0,3
393227,670000.0,3
393872,470000.0,2
393991,600000.0,2
394175,830000.0,4
394610,350000.0,1
394785,575000.0,3
394942,745000.0,3
395651,525000.0,3
395789,630500.0,3
395973,801000.0,4
396072,1000000.0,3
396792,1150000.0,3
397079,485000.0,2
397672,610000.0,3
397714,655000.0,3
397833,780000.0,4
398392,462000.0,2
398395,465000.0,3
399321,542000.0,3
399358,575000.0,3
399380,600000.0,3
400354,787000.0,4
401117,555000.0,2
401131,565000.0,2
401204,610000.0,2
401463,870000.0,3
401984,731000.0,3
402852,485000.0,3
402858,495000.0,2
402876,508640.0,3
402915,545000.0,2
403059,660000.0,4
403731,455000.0,3
403778,510000.0,2
404475,390000.0,2
404747,670000.0,3
404981,1103000.0,3
405432,490000.0,2
405473,535000.0,2
406237,420000.0,2
406257,443975.0,3
406384,560000.0,3
406631,808000.0,4
406733,955000.0,4
407100,517000.0,3
407107,530000.0,2
407543,1280000.0,3
408280,478000.0,2
408338,525000.0,3
408400,570000.0,3
408573,715000.0,3
409238,500000.0,2
409245,505000.0,3
410027,420000.0,2
410077,485500.0,2
410135,541000.0,3
410223,621000.0,3
410254,642000.0,4
410280,665000.0,4
410284,670000.0,4
410486,1065000.0,4
411044,630000.0,3
411791,494000.0,2
411832,530000.0,3
411868,555000.0,3
411904,585000.0,3
412162,820000.0,3
412697,592000.0,3
412716,625000.0,2
413025,1075000.0,3
413880,485000.0,2
413882,485000.0,2
413897,495000.0,2
413991,585000.0,3
414667,304000.0,2
414774,460000.0,2
414780,475000.0,3
414791,488000.0,3
414840,550000.0,3
415121,930000.0,3
415576,410000.0,2
415662,513000.0,3
415722,577500.0,3
415795,650000.0,3
416396,395000.0,2
416516,543000.0,3
416537,565000.0,3
416662,675000.0,3
416731,750000.0,3
417694,716000.0,3
418546,790000.0,3
419666,535000.0,3
419688,560000.0,3
419695,570000.0,3
419741,606000.0,2
420427,381000.0,1
420559,535000.0,3
420600,575000.0,3
420652,614000.0,3
420725,670000.0,3
421476,565000.0,3
422344,575000.0,3
422518,747500.0,2
422689,1120000.0,3
422734,1300000.0,3
423241,490000.0,3
423362,580000.0,3
423471,650000.0,4
423472,651000.0,4
424196,520000.0,4
424294,641000.0,3
425307,380000.0,2
425366,430000.0,3
425528,590000.0,3
425561,620000.0,3
425648,685000.0,3
426282,425000.0,2
426334,470000.0,3
426463,580000.0,4
426509,615000.0,3
427229,381000.0,2
427246,410000.0,1
427345,505000.0,3
427355,510000.0,2
427426,563000.0,3
427454,590000.0,3
428245,532300.0,3
428268,550000.0,3
428308,615000.0,4
428339,666000.0,4
429091,577000.0,3
431113,573000.0,3
431585,735000.0,3
432695,520000.0,3
432751,599900.0,3
432752,599900.0,3
432854,721000.0,3
433287,500000.0,2
433851,501000.0,3
434357,465000.0,2
435022,470000.0,2
435053,500000.0,3
435437,1150000.0,3
436393,1065000.0,3
436667,420000.0,2
436676,430000.0,2
436960,970000.0,4
437236,395000.0,1
437360,573000.0,3
437858,425000.0,1
438500,450000.0,2
438646,620000.0,3
438723,685000.0,3
439708,540100.0,3
439732,575000.0,3
441223,600000.0,3
441954,560000.0,3
441959,565000.0,3
442056,640000.0,3
442601,450000.0,2
442666,575000.0,3
442672,590000.0,3
442680,600000.0,3
442775,770000.0,3
443204,870000.0,3
443554,515000.0,3
444265,485000.0,2
444293,530000.0,2
444348,597000.0,4
444891,458000.0,2
444895,465000.0,3
444953,536000.0,3
444972,557500.0,3
445046,645000.0,2
445532,428750.0,2
445598,525000.0,3
445651,580000.0,3
445673,605000.0,3
445677,610000.0,4
445782,725000.0,3
446256,399000.0,2
446266,408000.0,1
446293,440000.0,2
446322,475000.0,3
446593,762500.0,3
447064,491000.0,3
447087,556000.0,3
447176,691000.0,4
447297,870000.0,3
448121,541000.0,3
448186,600000.0,3
448312,720000.0,3
448857,475500.0,2
448912,530000.0,3
448925,555000.0,2
448958,590000.0,3
449009,632000.0,3
449013,635000.0,4
449021,649000.0,4
449211,1020000.0,3
449586,465000.0,2
449668,575000.0,3
450543,750750.0,4
451167,510000.0,2
451214,543000.0,3
451270,585000.0,3
451625,900000.0,4
451756,1247000.0,3
452195,805000.0,3
453044,542000.0,3
453084,580000.0,3
453088,582500.0,3
453431,1150000.0,3
453829,580000.0,3
453885,651500.0,3
454108,1220000.0,3
454164,1900000.0,4
454391,400000.0,2
455111,401000.0,2
455175,505000.0,3
455186,520000.0,3
455213,552000.0,2
455459,855000.0,3
456232,712000.0,3
456253,735000.0,2
456578,1950000.0,4
456945,705000.0,2
457531,1940000.0,3
458055,425200.0,2
458200,550000.0,3
458201,550000.0,1
458236,580000.0,3
458984,505000.0,3
459002,526000.0,3
459018,550000.0,3
459824,573000.0,3
460658,532000.0,3
460667,542000.0,3
460704,590000.0,3
460705,590000.0,3
460764,660000.0,3
462075,1230000.0,3
462666,707000.0,3
462789,835000.0,3
462899,955000.0,4
463124,1330000.0,3
463974,500000.0,3
463976,500000.0,2
464289,800000.0,5
464859,460000.0,3
464933,557000.0,3
465132,780000.0,4
465178,840000.0,3
465726,470000.0,2
465802,566000.0,2
465839,600000.0,3
466610,465000.0,3
466743,625000.0,4
466826,727500.0,3
466833,735000.0,3
466866,770000.0,4
467458,435000.0,2
467634,585000.0,3
467653,602000.0,3
467698,650000.0,3
467805,761000.0,4
467855,827500.0,4
468013,1120000.0,3
468153,2220000.0,4
468446,685000.0,3
470032,551500.0,3
470047,572000.0,3
470097,610000.0,3
470184,700000.0,3
470251,775000.0,3
471023,671000.0,3
471183,875000.0,3
471840,632000.0,3
471884,667000.0,3
471925,705000.0,3
472599,445000.0,2
472620,461872.0,2
472668,513000.0,2
472779,597000.0,3
473647,615000.0,3
473651,620000.0,3
473686,660000.0,3
475925,470000.0,3
476352,960000.0,3
477137,737500.0,3
477802,464500.0,3
477903,600000.0,3
477907,600000.0,3
477909,601000.0,3
477970,655000.0,3
478760,486000.0,2
478836,555000.0,3
478842,560000.0,3
478921,630000.0,3
479003,692000.0,3
479039,722000.0,3
479847,635000.0,2
479989,780000.0,3
480115,895000.0,3
480128,905000.0,3
481262,487500.0,2
481360,585000.0,3
481825,1650000.0,3
482120,418500.0,2
482389,700500.0,3
483054,426500.0,2
483192,575000.0,3
484200,635000.0,3
484295,720000.0,3
484483,990000.0,3
485036,420000.0,1
485146,530000.0,3
485178,569000.0,3
485226,600000.0,3
485489,850000.0,3
485513,880000.0,3
486217,571000.0,3
486437,752000.0,3
486621,883000.0,3
486811,1040000.0,3
488121,470000.0,2
488213,559000.0,3
488214,559000.0,3
488227,566000.0,3
488240,572000.0,3
489249,536000.0,2
